{
    "collapsed": false,
    "deathEnabled": false,
    "drivers": {
        "affection": 0.0,
        "mercy": 0.0,
        "survival": 1.0
    },
    "engagedCareSide": false,
    "engagedStorySide": false,
    "firstMergeBucket": 0,
    "flags": {},
    "grime": 0.034521687775850296,
    "mergeCount": 0,
    "mergeLockTimer": 0.0,
    "mode": 0,
    "mood": {
        "currentMood": 0
    },
    "needs": {
        "affection": 0.9827406406402588,
        "energy": 1.0,
        "hunger": 1.0,
        "hygiene": 1.0
    },
    "playtimeSeconds": 0.0,
    "seenReality": false,
    "sleep": 1.0,
    "storyBeatIndex": 0,
    "version": 1,
    "vitals": {
        "coreStats": [
            50.0,
            50.0,
            0.0,
            0.0,
            0.0,
            0.0,
            0.0,
            100.0,
            0.0,
            0.0
        ],
        "emotionalStats": [
            100.0,
            100.0,
            60.0,
            0.0,
            0.0,
            0.0,
            0.0,
            0.0,
            50.0,
            0.0,
            70.0,
            60.0,
            80.0,
            40.0,
            30.0,
            60.0,
            70.0,
            80.0,
            80.0,
            70.0
        ],
        "environmentalStats": [
            50.0,
            70.0,
            0.0,
            60.0,
            80.0,
            70.0,
            50.0,
            50.0,
            60.0,
            50.0
        ],
        "physicalStats": [
            50.0,
            100.0,
            50.0,
            50.0,
            50.0,
            50.0,
            50.0,
            100.0,
            100.0,
            80.0,
            80.0,
            80.0,
            100.0,
            100.0,
            100.0,
            80.0,
            80.0,
            80.0,
            80.0,
            80.0
        ],
        "secondaryStats": [
            50.0,
            50.0,
            50.0,
            50.0,
            50.0,
            0.0,
            0.0,
            50.0,
            50.0,
            50.0,
            100.0,
            0.0,
            0.0,
            100.0,
            0.0,
            100.0,
            0,
            0,
            0,
            0,
            0,
            0,
            0,
            0,
            0,
            0,
            0,
            0,
            0,
            0
        ],
        "skillStats": [
            40.0,
            40.0,
            30.0,
            30.0,
            30.0,
            40.0,
            50.0,
            40.0,
            30.0,
            20.0
        ],
        "socialStats": [
            50.0,
            0.0,
            0.0,
            50.0,
            50.0,
            60.0,
            70.0,
            60.0,
            50.0,
            50.0
        ]
    }
}